driver_id,driver_name,team,race,lap,lap_time_seconds_clean,position
3,Charles Leclerc,Ferrari,Monaco,1,79.512,3
3,Charles Leclerc,Ferrari,Monaco,2,78.932,3
3,Charles Leclerc,Ferrari,Monaco,3,78.775,3
3,Charles Leclerc,Ferrari,Monaco,5,78.0,3
3,Charles Leclerc,Ferrari,Monaco,4,,3
2,Lando Norris,McLaren,Monaco,2,78.721,2
2,Lando Norris,McLaren,Monaco,5,78.21,2
2,Lando Norris,McLaren,Monaco,3,78.54,2
2,Lando Norris,McLaren,Monaco,1,79.103,2
2,Lando Norris,McLaren,Monaco,4,78.43,2
4,Oscar Piastri,McLaren,Monaco,3,79.05,4
4,Oscar Piastri,McLaren,Monaco,5,79.005,4
4,Oscar Piastri,McLaren,Monaco,4,79.12,4
4,Oscar Piastri,McLaren,Monaco,1,79.88,4
4,Oscar Piastri,McLaren,Monaco,2,79.201,4
1,Max Verstappen,Red Bull,Monaco,3,77.81,1
1,Max Verstappen,Red Bull,Monaco,4,77.602,1
1,Max Verstappen,Red Bull,Monaco,2,77.95,1
1,Max Verstappen,Red Bull,Monaco,5,77.48,1
1,Max Verstappen,Red Bull,Monaco,1,78.421,1